index,predicted_rate,number_of_mutations_no_SNV,number_of_sites_no_SNV,number_of_mutations_SNV,number_of_sites_SNV,rate_SNV_div_rate_no_SNV,total_sites,total_muts,mu_est,mu_95CI_lower,mu_95CI_upper,ratio_est,ratio_95CI_lower,ratio_95CI_upper,prop_poly,TT_est,sigma_est,var_est
1,0.013,3642,455867042,57,5552885,1.28485591989473,461419927,3699,8.016558851390915e-06,7.760276289123579e-06,8.279148859796856e-06,1.2848559198947296,0.9711660937720916,1.6685223290880122,0.01203434155109647,10823995.531859709,0.5032613065326633,3.59160539878377e-19
2,0.02,17711,1407704153,490,27363779,1.42327334045171,1435067932,18201,1.2683023287011893e-05,1.2499427492131775e-05,1.2868640980770995e-05,1.423273340451709,1.2984448522264258,1.5570344189134453,0.019067932876086314,11172019.55658861,0.5635326633165829,1.1658281357394545e-18
3,0.03,19607,1058844151,785,30520404,1.38899368662254,1089364555,20392,1.8719169727346233e-05,1.8463116232737715e-05,1.897788639079535e-05,1.3889936866225354,1.2917205965171907,1.4917979202846232,0.02801670373789608,10823995.531859709,0.5735778894472362,2.6468084621226e-18
4,0.041,17611,703786249,895,27449664,1.30299503996941,731235913,18506,2.5307837964462776e-05,2.494450961637941e-05,2.567513425532474e-05,1.3029950399694057,1.2170131844214986,1.3936012808770615,0.03753872520755145,11172019.55658861,0.5133065326633166,3.743708733440766e-18
5,0.051,16133,510324931,1050,25310121,1.31228066307693,535635052,17183,3.207967801181167e-05,3.160179415296371e-05,3.256297931647612e-05,1.3122806630769313,1.2317063440583946,1.3969084877457132,0.047252547990455265,10823995.531859709,0.5233517587939699,6.287067938451445e-18
6,0.062,15065,394160667,1213,23820422,1.33234132307246,417981089,16278,3.89443456376085e-05,3.834835209736369e-05,3.954728202409656e-05,1.3323413230724583,1.2556144773910505,1.4127107409313577,0.056989233788038676,10823995.531859709,0.5233517587939699,9.26567310808141e-18
7,0.073,14397,318094764,1365,22771498,1.3244194987008,340866262,15762,4.624100932582175e-05,4.552190414212744e-05,4.696862841421454e-05,1.3244194987007976,1.2519999834037048,1.4001225124483307,0.06680478691669403,10823995.531859709,0.5233517587939699,1.3062995054497956e-17
8,0.083,13930,268190423,1509,22250101,1.30571803238707,290440524,15439,5.315718270774088e-05,5.232195357584114e-05,5.4002404191518616e-05,1.3057180323870674,1.2373604772360383,1.3770594358091093,0.07660811478221957,10823995.531859709,0.5133065326633166,1.65164182979457e-17
9,0.094,13994,235060986,1697,22183216,1.28497896478384,257244202,15691,6.0996515676571015e-05,6.0045808682900285e-05,6.195850424800883e-05,1.2849789647838372,1.2211336189286432,1.3514817470715526,0.08623407574410559,10823995.531859709,0.4932160804020101,1.9867655343272647e-17
10,0.105,13537,202655870,1810,21476681,1.26167694529526,224132551,15347,6.847287433943498e-05,6.739379100720392e-05,6.956490629270874e-05,1.261676945295263,1.2006265221693984,1.3252152640887616,0.09582133832938884,10823995.531859709,0.4731256281407035,2.2807226261457476e-17
11,0.117,12814,171602747,1844,20239022,1.22014349893745,191841769,14658,7.640671828875806e-05,7.5174740924208e-05,7.765382474037362e-05,1.2201434989374498,1.1613887609972102,1.281292579273881,0.10549851633196732,10486812.941947026,0.4429899497487437,2.454305295948314e-17
12,0.128,11981,146933538,1975,19093118,1.26858073338723,166026656,13956,8.405879113773153e-05,8.266990120058184e-05,8.54651637580856e-05,1.2685807333872283,1.2090068593545256,1.3305437071329382,0.11500031657567084,10486812.941947026,0.4731256281407035,3.437174912137591e-17
13,0.139,11319,124962986,1955,17780497,1.21388124037281,142743483,13274,9.299198619106134e-05,9.141668212367592e-05,9.458762604747613e-05,1.2138812403728096,1.1564024482235684,1.2736934686374979,0.12456258335800871,10486812.941947026,0.4228994974874372,3.283580045516303e-17
14,0.151,10095,102675509,1915,15918055,1.22359957811224,118593564,12010,0.00010127025105679428,9.946708388033813e-05,0.00010309789879161251,1.2235995781122448,1.164659246948173,1.2849943446458725,0.1342235991828359,10486812.941947026,0.4429899497487437,4.311508672248828e-17
15,0.163,8723,83516190,1759,14019804,1.2012369938958,97535994,10482,0.00010746801842199916,0.0001054204102431205,0.000109545398836467,1.2012369938958032,1.1406080976538897,1.264530193780912,0.1437397972280879,10486812.941947026,0.41285427135678393,4.161579613798746e-17
16,0.174,7404,66585383,1682,12056290,1.25465637508055,78641673,9086,0.0001155367078724279,0.00011317312869243337,0.00011793722130763809,1.2546563750805453,1.1892612353494856,1.323055466404578,0.15330663171420578,10486812.941947026,0.4630804020100503,6.190397239624325e-17
17,0.186,6234,52031078,1496,10132091,1.23233430352557,62163169,7730,0.00012435015981891143,0.00012159335451630989,0.00012715370395920315,1.2323343035255705,1.1639509641325572,1.3040888697325541,0.16299186741911437,10486812.941947026,0.4329447236180905,6.181069379834646e-17
18,0.198,5071,39722154,1330,8281633,1.2579831973619,48003787,6401,0.00013334364640856354,0.00013009681764334938,0.00013665102316993172,1.257983197361898,1.183389305862963,1.336554289869606,0.17252040969184368,10486812.941947026,0.453035175879397,7.854274709886933e-17
19,0.211,4079,29920148,1090,6668774,1.19892089803475,36588922,5169,0.00014127226814717307,0.00013744696920624252,0.00014517704222813562,1.1989208980347514,1.120395294496996,1.2821047055333923,0.18226210654689418,10486812.941947026,0.41285427135678393,7.191401907795154e-17
20,0.223,3112,22536101,1003,5359505,1.35523760726531,27895606,4115,0.00014751427160248823,0.0001430412204127403,0.00015209162412946263,1.3552376072653123,1.260892569631304,1.455675019765259,0.1921272117192937,10823995.531859709,0.5233517587939699,1.3294017023536645e-16
21,0.236,2582,17251040,874,4361460,1.33887053214008,21612500,3456,0.00015990746096009254,0.00015462015861015746,0.0001653294508992549,1.338870532140079,1.2386039477450597,1.4461747265187088,0.20180266049739734,10486812.941947026,0.5233517587939699,1.5621603383541429e-16
22,0.248,2134,13431815,763,3616228,1.32803346778819,17048043,2897,0.0001699315282111853,0.000163799307694062,0.0001762345874033317,1.3280334677881938,1.2210587627009637,1.443178341019805,0.2121198309976107,10486812.941947026,0.5133065326633166,1.6878734753011394e-16
23,0.261,1759,10862208,722,3094166,1.44093988698966,13956374,2481,0.00017776823693604082,0.0001708413289704713,0.00018490393296115385,1.4409398869896617,1.3195400925633012,1.5722365869994186,0.22170271447297127,10823995.531859709,0.5936683417085428,2.5890562059477154e-16
24,0.274,1518,8795331,636,2643455,1.39400910547785,11438786,2154,0.00018830669618261937,0.0001804375512235687,0.0001964307070221502,1.3940091054778496,1.2687513517542002,1.5302435124902547,0.23109576488274192,10486812.941947026,0.5534874371859296,2.464533931438391e-16
25,0.288,1276,7143811,575,2270281,1.41797153232129,9414092,1851,0.00019662013075716703,0.00018776394931001655,0.00020578616771360785,1.4179715323212878,1.2827944627957992,1.565901752501725,0.2411577239738044,10486812.941947026,0.5534874371859296,2.68694783748053e-16
26,0.301,1119,5880294,522,1956566,1.40199012408234,7836860,1641,0.0002093950893597691,0.0001993852982956261,0.0002197772760076152,1.4019901240823367,1.2612298714093477,1.5568694136516426,0.2496619819672675,10486812.941947026,0.5534874371859296,3.0474476887057017e-16
27,0.315,907,4720025,461,1655585,1.44906028696379,6375610,1368,0.00021456770410988125,0.00020334675038034686,0.00022624676284677524,1.4490602869637883,1.2925658148730166,1.6227645329218732,0.25967476053271765,10823995.531859709,0.5836231155778895,3.622621903824256e-16
28,0.329,830,3950956,400,1449780,1.31335456463939,5400736,1230,0.0002277467367410664,0.0002151953744150676,0.00024083916124714285,1.3133545646393878,1.1627340838169185,1.4815531984313346,0.268441190237775,10160134.061002607,0.4831708542713568,2.6445609251612626e-16
29,0.342,692,3397003,413,1314217,1.5426691935044,4711220,1105,0.0002345464656713123,0.00022091943100114068,0.0002487940739834673,1.5426691935043977,1.362345929869405,1.7451421658544843,0.27895470812231227,10823995.531859709,0.6238040201005025,5.074084557562569e-16
30,0.357,626,2892729,389,1178597,1.52516800577486,4071326,1015,0.00024930452633859337,0.000234201305190127,0.000265126168636984,1.5251680057748631,1.3404166638393635,1.733678105802964,0.28948725795969177,10486812.941947026,0.6137587939698492,5.513000240785372e-16
31,0.371,507,2460661,336,1043856,1.56222114655639,3504517,843,0.00024054670015868094,0.0002245805892833888,0.00025734827287339805,1.5622211465563862,1.356942569560144,1.7967207600399326,0.29786016161428236,11531233.600883946,0.6137587939698492,5.132470850349372e-16
32,0.386,519,2106149,336,929979,1.4661819543728,3036128,855,0.00028160868052993815,0.00026304650370795064,0.0003011351299143784,1.4661819543728027,1.2743343906778268,1.685114383023414,0.30630427966146356,10160134.061002607,0.5936683417085428,6.497184860670572e-16
33,0.4,461,1867314,348,870274,1.61971894886352,2737588,809,0.00029551561447522417,0.00027550018624750643,0.00031660081104531044,1.6197189488635233,1.405195317553815,1.865656132334151,0.31789809131249847,10160134.061002607,0.6539396984924624,9.035845154114154e-16
34,0.416,352,1562123,302,760413,1.76250344011621,2322536,654,0.00028158874609478604,0.000260418258968753,0.00030402182225768996,1.762503440116214,1.506314578895677,2.0612709558560836,0.32740633514399775,11531233.600883946,0.714211055276382,1.0230959822046299e-15
35,0.431,299,1274501,294,649775,1.92864956984724,1924276,593,0.00030816785118143136,0.0002838604520928195,0.0003340001397782522,1.9286495698472421,1.636263857213083,2.2731491163706443,0.3376724544711881,11172019.55658861,0.7744824120603016,1.5132370388698903e-15
36,0.446,277,1087360,241,577774,1.63739187792051,1665134,518,0.00031108607475434407,0.00028486989729031495,0.0003390661267591647,1.6373918779205126,1.3719956903052462,1.953036966614615,0.34698348601373824,10823995.531859709,0.6539396984924624,1.001311158272351e-15
37,0.462,239,881847,222,480392,1.70511057880137,1362239,461,0.00033841345020954475,0.0003082225654111456,0.0003707622799620191,1.7051105788013707,1.4139523239125296,2.0555394554482866,0.35264883768560434,10486812.941947026,0.6941206030150754,1.3745103338033699e-15
38,0.478,219,785300,227,452539,1.79871073651302,1237839,446,0.00036030533857795723,0.00032763810480794807,0.0003953479920992243,1.7987107365130244,1.4873340958076446,2.1756388532873143,0.36558793187159233,10486812.941947026,0.7242562814070352,1.7360636531556532e-15
39,0.494,183,641180,200,386911,1.81112237542718,1028091,383,0.00037253511605490176,0.00033615556005754595,0.00041177823561667213,1.811122375427184,1.474636058540532,2.225471513940237,0.37633925401545193,10486812.941947026,0.7443467336683417,1.9920705890403917e-15
40,0.511,142,552588,185,348682,2.06469214331538,901270,327,0.0003628213520920479,0.0003245577267879507,0.00040435597919264696,2.064692143315379,1.6501807324962818,2.5877968846128354,0.38687851587204725,11901997.457544487,0.8146633165829146,2.404180305225506e-15
41,0.528,137,479838,172,310803,1.93828357630063,790641,309,0.00039082213039799354,0.00034845610812132843,0.00043691877790717174,1.9382835763006263,1.5395955780641501,2.4440573773753616,0.3931025585569177,10823995.531859709,0.7744824120603016,2.433832007038324e-15
42,0.545,142,440411,188,304470,1.91506339577849,744881,330,0.0004430237850072696,0.00039650882876452213,0.0004934961694074481,1.9150633957784875,1.531890476797555,2.39844065183558,0.40874985400352537,10160134.061002607,0.7644371859296483,3.021069419479163e-15
43,0.562,117,358442,147,254935,1.76652952763726,613377,264,0.00043040413970527096,0.0003800465696485157,0.0004855777803151834,1.766529527637261,1.376236905230286,2.2717375668612196,0.41562530059001235,10160134.061002607,0.6740301507537689,2.065674246366358e-15
44,0.58,121,306087,153,227042,1.70468736224652,533129,274,0.0005139469059083262,0.00045488823216970265,0.0005785445334122064,1.7046873622465164,1.3342537891056447,2.1819843211809453,0.42586691025999335,8673193.260691779,0.6639849246231156,2.8377076577279143e-15
45,0.598,99,267066,140,205240,1.84013394518169,472306,239,0.000506027871761104,0.0004439022024671605,0.0005744144885802615,1.8401339451816943,1.412443416431586,2.4049724829733083,0.43454878828556065,9536988.798055196,0.7242562814070352,3.4243104171171036e-15
46,0.616,82,240828,137,193005,2.08470752368983,433833,219,0.0005048025392259233,0.00044015469704122064,0.000576272952209361,2.0847075236898323,1.5741964043397114,2.7754693275078464,0.44488316933013394,10486812.941947026,0.7945728643216081,4.348732932699392e-15
47,0.635,67,196459,109,162173,1.97081143584366,358632,176,0.0004907537531508621,0.0004209268888195535,0.0005688546517985919,1.9708114358436644,1.4406524741182363,2.713169993518003,0.4521989114189476,11172019.55658861,0.7644371859296483,3.70709638340621e-15
48,0.654,63,170643,110,146346,2.03591553741199,316989,173,0.000545760262974425,0.0004674626438784062,0.000633420844279573,2.035915537411991,1.4804145469349088,2.8208665555961834,0.46167532627315144,10160134.061002607,0.7744824120603016,4.746091702561078e-15
49,0.673,60,153663,110,136906,2.05772939096899,290569,170,0.0005850589705027033,0.0005004151198505516,0.0006799193096193087,2.057729390968986,1.4890455768262236,2.8674961283228853,0.47116519656260647,9536988.798055196,0.7845276381909548,5.6450517101165875e-15
50,0.693,38,127901,100,119453,2.81769046359127,247354,138,0.0005579048650921352,0.00046870845702139065,0.000659135214323258,2.8176904635912736,1.9215520021369785,4.2089209367745415,0.48292325978152767,12284682.487790069,0.9653417085427136,9.289854757553053e-15
51,0.713,30,118495,92,115648,3.14216127098321,234143,122,0.0005210491024715665,0.0004326997875720645,0.0006221333537695642,3.142161270983213,2.0609569843402427,4.916331537287509,0.49392038198878463,14390780.560427997,1.01556783919598,9.50135195426236e-15
52,0.734,36,103438,100,107804,2.66527937532724,211242,136,0.0006438113632705617,0.0005401599269632124,0.0007615567675497184,2.66527937532724,1.8043260639543748,4.017497908539624,0.5103341191619091,11531233.600883946,0.9251608040201006,1.0878222539257918e-14
53,0.755,34,84722,81,89038,2.26687151421138,173760,115,0.0006618324125230203,0.0005464105332703056,0.0007944295788382861,2.266871514211381,1.501282192718524,3.4905845869052623,0.5124194290976058,10486812.941947026,0.8247085427135679,8.273618884343806e-15
54,0.777,26,75603,73,83419,2.54462366533358,159022,99,0.0006225553696972746,0.0005059822845530517,0.0007579388245221131,2.5446236653335754,1.6065156813311605,4.14915579890865,0.524575216007848,11901997.457544487,0.905070351758794,9.53324117774098e-15
55,0.799,30,64052,54,72957,1.58029524240306,137009,84,0.0006130984095935304,0.0004890313026135947,0.0007590575492842638,1.5802952424030594,0.9933515595346046,2.5580371915258686,0.5324978651037523,10160134.061002607,0.5836231155778895,2.9577038000593228e-15
56,0.821,19,53901,54,64010,2.39325598796241,117911,73,0.0006191110244167211,0.00048528421370778926,0.0007784391632924963,2.3932559879624073,1.3960665033434614,4.275511366164026,0.542867077711155,12679671.993221136,0.8548442211055277,8.001693740962041e-15
57,0.844,30,57532,68,69462,1.87736988089411,126994,98,0.0007716900011024143,0.0006264952444552311,0.000940442936620118,1.8773698808941102,1.2049911073755586,2.988954163358154,0.5469707230262847,9239898.266797021,0.6941206030150754,7.147242605780657e-15
58,0.868,35,62385,84,83491,1.79329508569786,145876,119,0.0008157613315418575,0.000675790624758235,0.0009761800561448592,1.7932950856978596,1.1955158593005175,2.7417839039183725,0.5723422632921111,8952062.520841863,0.6539396984924624,6.885478777216746e-15
59,0.892,10,39659,51,53454,3.78383095745875,93113,61,0.0006551179749336827,0.0005011133414344135,0.0008415264454462436,3.78383095745875,1.8994648099141782,8.359548783570787,0.5740766595427061,16857950.162263155,1.0657939698492462,1.7592100418995317e-14
60,0.916,22,45357,48,61441,1.61066270524124,106798,70,0.0006554429858237046,0.0005109499626205124,0.0008281127814382194,1.610662705241244,0.9536535899381602,2.8018992331339847,0.5753010355999176,11172019.55658861,0.5936683417085428,3.519678447063967e-15
61,0.942,17,37082,56,52935,2.30759366370521,90017,73,0.0008109579301687459,0.0006356615630658558,0.0010196578444402894,2.3075936637052097,1.3213831819251953,4.236262764545789,0.5880555894997611,10823995.531859709,0.8146633165829146,1.2010968011239689e-14
62,0.968,24,37459,57,55709,1.59696144249583,93168,81,0.0008693972179289026,0.0006904268847044624,0.0010805813603396986,1.5969614424958265,0.975289805749291,2.6908065193627952,0.5979413532543363,8673193.260691779,0.5735778894472362,5.7093391568276495e-15
63,0.994,25,42871,57,67854,1.44053231939164,110725,82,0.0007405734928877851,0.0005890000764768965,0.0009192469734573777,1.440532319391635,0.8855901911101698,2.4062946061896424,0.6128155339805825,10486812.941947026,0.5032613065326633,3.0651305182587237e-15
64,1.022,20,34402,54,55925,1.66089226642825,90327,74,0.0008192456297674007,0.0006432840262971314,0.0010284878663289674,1.6608922664282522,0.9780890227835102,2.9293500560983476,0.6191393492532686,10160134.061002607,0.5936683417085428,5.498717586135394e-15
65,1.05,21,39089,79,65596,2.2417387529437,104685,100,0.0009552466924583273,0.0007772268352765263,0.001161835924845263,2.2417387529437045,1.3713281172831446,3.820049393987838,0.6266036203849644,10160134.061002607,0.7744824120603016,1.453996589531791e-14
66,1.079,32,57557,95,97951,1.74446757817684,155508,127,0.0008166782416338709,0.0006808278535568861,0.000971692164075823,1.7444675781768435,1.1576338548018306,2.6920570129974903,0.6298775625691283,10823995.531859709,0.6338492462311558,6.394419866144146e-15
67,1.109,30,49385,96,88970,1.77623918174666,138355,126,0.0009107007336200355,0.0007586380319610334,0.001084305247859774,1.776239181746656,1.1680803321197208,2.773316783517956,0.6430559069061472,10160134.061002607,0.6438944723618091,8.261981308378623e-15
68,1.139,25,48382,100,92301,2.09670534447081,140683,125,0.0008885224227518605,0.0007395982391084938,0.0010586343548753762,2.0967053444708075,1.341740521117225,3.39316476384756,0.6560920651393558,11901997.457544487,0.7443467336683417,1.1332013273501848e-14
69,1.171,31,47419,95,92750,1.56675245630815,140169,126,0.0008989148813218329,0.0007488201022477778,0.0010702726891655004,1.5667524563081472,1.0348027787222391,2.4321928646426145,0.661701232084127,10160134.061002607,0.5534874371859296,5.6161721882788604e-15
70,1.204,45,67277,118,124207,1.42033254522245,191484,163,0.0008512460571118214,0.0007255804228501478,0.0009924229233592963,1.420332545222447,0.9995609939277206,2.0495189792317623,0.6486547178876564,10160134.061002607,0.4731256281407035,3.5248900898961133e-15
71,1.238,55,71347,176,152729,1.49487261751206,224076,231,0.0010309002302790124,0.0009022353512087507,0.001172766654500136,1.4948726175120637,1.0985932325767382,2.0622223852326593,0.6815946375336939,9536988.798055196,0.5133065326633166,6.2119111521338745e-15
72,1.273,53,89259,223,195736,1.91871425200366,284995,276,0.0009684380427726802,0.0008575444552985695,0.0010896923943561777,1.9187142520036615,1.4165159671619152,2.640288514355667,0.6868050316672222,11531233.600883946,0.6639849246231156,1.0075690605298805e-14
73,1.309,74,89142,262,208605,1.51295925248611,297747,336,0.0011284748460941671,0.0010110247709024286,0.0012558237188619332,1.5129592524861095,1.1647486795351123,1.9858860318341565,0.70061159306391,8952062.520841863,0.5133065326633166,7.443474900021336e-15
74,1.347,68,102935,300,252717,1.79697052434146,355652,368,0.0010347193323810915,0.0009316896817886582,0.001146029545114283,1.7969705243414569,1.3769570825845951,2.3740486521491513,0.7105738193515009,11172019.55658861,0.6238040201005025,9.875180466011607e-15
75,1.386,73,113554,318,297796,1.66106962622385,411350,391,0.0009505287468092865,0.0008586359346754286,0.0010495772582885432,1.6610696262238545,1.2843532237890014,2.1727784829786088,0.7239479761760058,11901997.457544487,0.5735778894472362,6.824641800153725e-15
76,1.427,78,107613,352,293023,1.65733800365894,400636,430,0.0010732934633932048,0.0009742324830716694,0.0011796958467312877,1.6573380036589411,1.2935155386970585,2.1462834492287226,0.7313945826136443,10823995.531859709,0.5735778894472362,8.701343613256902e-15
77,1.47,105,142330,465,389173,1.61963592394275,531503,570,0.0010724304472411257,0.0009861858442419098,0.00116419731867284,1.6196359239427487,1.3079112285914423,2.0212894494946654,0.7322122358669659,10823995.531859709,0.5534874371859296,7.993584039818017e-15
78,1.514,110,132097,468,406110,1.38389276528303,538207,578,0.001073936236429478,0.0009881578188504782,0.0011651676130640383,1.383892765283029,1.1221194840189324,1.719253470455755,0.7545609774677773,10486812.941947026,0.4329447236180905,4.610286509354211e-15
79,1.561,125,148393,598,481180,1.47535664823974,629573,723,0.0011483974058607977,0.0010662030430183616,0.0012352465986915093,1.475356648239744,1.2147959034177027,1.8036755290630184,0.7642958004869967,10823995.531859709,0.4731256281407035,6.415341191172552e-15
80,1.609,178,190870,791,657593,1.28984336252383,848463,969,0.0011420651224626178,0.0010712798881619663,0.0012162985231894215,1.289843362523833,1.0949447815756805,1.526252243125446,0.7750402787157483,10486812.941947026,0.38271859296482413,3.989362043130219e-15
81,1.661,185,183884,848,668811,1.26027307759187,852695,1033,0.0012114530987046952,0.0011386938727511676,0.0012876422263218346,1.2602730775918718,1.0737382353121505,1.4856456407130794,0.7843496209078276,9843631.683810651,0.35258291457286434,3.766847665287577e-15
82,1.715,235,225002,1096,859347,1.22112607571474,1084349,1331,0.0012274645893526899,0.0011623994655002487,0.0012952235522869864,1.2211260757147393,1.0596980609190605,1.411939912150808,0.792500385023641,10160134.061002607,0.32244723618090454,3.2009305385152045e-15
83,1.772,235,222399,1167,910762,1.21263729735405,1133161,1402,0.0012372469578462372,0.0011733232925782249,0.0013037478192474406,1.2126372973540465,1.0531890659140792,1.4010602607104736,0.8037357445235055,10160134.061002607,0.32244723618090454,3.252153941085706e-15
84,1.833,236,253511,1599,1103736,1.55620949657822,1357247,1835,0.001352001514831125,0.0012908426753201513,0.0014153096364495224,1.5562094965782163,1.3565891262723135,1.7917634785848258,0.8132167542090717,10823995.531859709,0.4932160804020101,9.76092372490178e-15
85,1.897,285,265459,1716,1232481,1.29684969628442,1497940,2001,0.0013358345461099911,0.0012779395692463916,0.0013956762922905232,1.296849696284418,1.1433862124078191,1.4752634179084527,0.822783956633777,10486812.941947026,0.37267336683417085,5.15510772571975e-15
86,1.966,298,271593,1913,1359363,1.28257223291721,1630956,2211,0.001355646626886317,0.0012997228494890714,0.0014133577510926578,1.2825722329172073,1.1346110729767933,1.4539753292339914,0.8334761943301965,10486812.941947026,0.35258291457286434,4.716912745377217e-15
87,2.04,360,295547,2390,1606546,1.22131809138639,1902093,2750,0.0014457757848853868,0.001392239511246112,0.0015008434992990066,1.221318091386393,1.0927584017381582,1.3682349831273135,0.8446201105834468,10160134.061002607,0.31240201005025126,4.1549181327092525e-15
88,2.12,327,289819,2700,1687456,1.41811159368374,1977275,3027,0.0015308947920749517,0.0014768388852381704,0.0015864234692143722,1.418111593683742,1.2638919635996075,1.5954507372268327,0.8534250420401815,10486812.941947026,0.41285427135678393,8.44482037694112e-15
89,2.207,356,277859,2835,1760480,1.25688758945466,2038339,3191,0.0015654903330603986,0.0015116395720183315,0.0016207695172101315,1.2568875894546636,1.1253317563094498,1.407282953004509,0.8636836169057257,10160134.061002607,0.32244723618090454,5.206658407081098e-15
90,2.303,335,255389,2966,1768360,1.27866814111937,2023749,3301,0.001631131133356953,0.0015759571509107943,0.0016877436936586256,1.278668141119371,1.1416940800825546,1.4358863806032105,0.8738040142329904,10160134.061002607,0.3324924623115578,6.0302664285555735e-15
91,2.408,322,245998,3325,1886784,1.34631030320929,2132782,3647,0.0017099731711914298,0.0016549215903402144,0.0017663893993727293,1.3463103032092887,1.2004284989677867,1.5141797528056786,0.884658628964423,10486812.941947026,0.3626281407035176,7.967778512921227e-15
92,2.526,283,195132,3108,1695028,1.26428851804368,1890160,3391,0.00179402801879206,0.0017341478434747149,0.001855448324972792,1.2642885180436807,1.119072153412279,1.4329805463229635,0.8967642950861303,10486812.941947026,0.31240201005025126,6.3976285474109554e-15
93,2.659,217,159853,2973,1561570,1.40247300151576,1721423,3190,0.00185311803083844,0.0017893633602135363,0.0019185641005175016,1.4024730015157556,1.2215344121870122,1.6172170727388904,0.907139035553725,10823995.531859709,0.3927638190954774,1.1106203691902264e-14
94,2.813,177,115872,2756,1313635,1.37344014954493,1429507,2933,0.0020517563047959893,0.001978167427699449,0.002127382495168857,1.3734401495449327,1.1794303079981618,1.6080378587618451,0.9189426844359629,10160134.061002607,0.3626281407035176,1.1471235964156827e-14
95,2.996,120,65788,1966,878953,1.22626207923897,944741,2086,0.0022080125664070893,0.0021142661765763617,0.002304845194186417,1.2262620792389733,1.0194863015026028,1.487019709443344,0.9303639833562849,9843631.683810651,0.27222110552763823,7.271193347182347e-15
96,3.219,56,29782,1204,495192,1.29306006559072,524974,1260,0.002400118863029407,0.002269407861640029,0.002536395477397496,1.2930600655907203,0.9889236447757237,1.7221378382925234,0.943269571445443,9843631.683810651,0.302356783919598,1.0692414489143905e-14
97,3.507,13,6306,356,138031,1.25107682053586,144337,369,0.002556517039982818,0.0023022941909546396,0.002831143044904824,1.2510768205358551,0.7222453640262416,2.372866073886303,0.9563105787150904,9843631.683810651,0.27222110552763823,9.747651529223126e-15
98,3.912,2,1034,81,31372,1.33485273492286,32406,83,0.002561254088748997,0.0020400245848856114,0.003175059797483987,1.3348527349228612,0.3577977136338128,11.209731234876195,0.9680923285811269,11531233.600883946,0.29231155778894474,1.1346238108682903e-14
